,Order ID,Date,Product,Price,Quantity,Purchase Type,Payment Method,Manager,City,Revenue
0,10452,2022-11-07,Fries,3.49,573.07,Online , Gift Card,Tom Jackson,London,2000.0143000000003
1,10453,2022-11-07,Beverages,2.95,745.76,Online , Gift Card,Pablo Perez,Madrid,2199.992
2,10454,2022-11-07,Sides & Other,4.99,200.4,In-store , Gift Card,Joao Silva,Lisbon,999.9960000000001
3,10455,2022-11-08,Burgers,12.99,569.67,In-store , Credit Card,Walter Muller,Berlin,7400.0133
4,10456,2022-11-08,Chicken Sandwiches,9.95,201.01,In-store , Credit Card,Walter Muller,Berlin,2000.0494999999999
5,10457,2022-11-08,Fries,3.49,573.07,In-store , Credit Card,Remy Monet,Paris,2000.0143000000003
6,10459,2022-11-08,Sides & Other,4.99,200.4,In-store , Credit Card,Walter Muller,Berlin,999.9960000000001
7,10460,2022-11-09,Burgers,12.99,554.27,In-store , Credit Card,Remy Monet,Paris,7199.9673
8,10461,2022-11-09,Chicken Sandwiches,9.95,201.01,In-store , Credit Card,Remy Monet,Paris,2000.0494999999999
9,10462,2022-11-09,Fries,3.49,573.07,In-store , Credit Card,Remy Monet,Paris,2000.0143000000003
10,10463,2022-11-09,Beverages,2.95,677.97,In-store , Credit Card,Remy Monet,Paris,2000.0115000000003
11,10464,2022-11-09,Sides & Other,4.99,200.4,In-store , Credit Card,Remy Monet,Paris,999.9960000000001
12,10465,2022-11-10,Burgers,12.99,554.27,In-store , Credit Card,Pablo Perez,Madrid,7199.9673
13,10466,2022-11-10,Chicken Sandwiches,9.95,201.01,In-store , Credit Card,Pablo Perez,Madrid,2000.0494999999999
14,10467,2022-11-10,Fries,3.49,573.07,In-store , Credit Card,Pablo Perez,Madrid,2000.0143000000003
15,10468,2022-11-10,Beverages,2.95,677.97,In-store , Credit Card,Pablo Perez,Madrid,2000.0115000000003
16,10470,2022-11-11,Burgers,12.99,554.27,In-store , Credit Card,Pablo Perez,Madrid,7199.9673
17,10471,2022-11-11,Chicken Sandwiches,9.95,201.01,In-store , Credit Card,Pablo Perez,Madrid,2000.0494999999999
18,10472,2022-11-11,Fries,3.49,630.37,In-store , Credit Card,Pablo Perez,Madrid,2199.9913
19,10473,2022-11-11,Beverages,2.95,677.97,In-store , Credit Card,Pablo Perez,Madrid,2000.0115000000003
20,10474,2022-11-11,Sides & Other,4.99,200.4,In-store , Credit Card,Pablo Perez,Madrid,999.9960000000001
21,10475,2022-11-12,Burgers,12.99,523.48,In-store , Credit Card,Pablo Perez,Madrid,6800.0052000000005
22,10476,2022-11-12,Chicken Sandwiches,9.95,201.01,In-store , Credit Card,Pablo Perez,Madrid,2000.0494999999999
23,10477,2022-11-12,Fries,3.49,630.37,In-store , Credit Card,Pablo Perez,Madrid,2199.9913
24,10478,2022-11-12,Beverages,2.95,677.97,In-store , Credit Card,Pablo Perez,Madrid,2000.0115000000003
25,10479,2022-11-12,Sides & Other,4.99,200.4,In-store , Credit Card,Pablo Perez,Madrid,999.9960000000001
26,10480,2022-11-13,Burgers,12.99,508.08,In-store , Credit Card,Pablo Perez,Madrid,6599.9592
27,10481,2022-11-13,Chicken Sandwiches,9.95,201.01,In-store , Credit Card,Pablo Perez,Madrid,2000.0494999999999
28,10482,2022-11-13,Fries,25.5,630.37,In-store , Credit Card,Joao Silva,Lisbon,16074.435
29,10486,2022-11-14,Chicken Sandwiches,29.05,201.01,In-store , Credit Card,Joao Silva,Lisbon,5839.3405
30,10487,2022-11-14,Fries,3.49,630.37,In-store , Credit Card,Joao Silva,Lisbon,2199.9913
31,10488,2022-11-14,Beverages,2.95,677.97,In-store , Credit Card,Joao Silva,Lisbon,2000.0115000000003
32,10489,2022-11-14,Sides & Other,4.99,200.4,In-store , Credit Card,Pablo Perez,Madrid,999.9960000000001
33,10490,2022-11-15,Burgers,12.99,508.08,In-store , Credit Card,Pablo Perez,Madrid,6599.9592
34,10491,2022-11-15,Chicken Sandwiches,9.95,201.01,In-store , Credit Card,Pablo Perez,Madrid,2000.0494999999999
35,10492,2022-11-15,Fries,3.49,573.07,In-store , Credit Card,Pablo Perez,Madrid,2000.0143000000003
36,10493,2022-11-15,Beverages,2.95,677.97,In-store , Credit Card,Pablo Perez,Madrid,2000.0115000000003
37,10494,2022-11-15,Sides & Other,4.99,200.4,In-store , Credit Card,Pablo Perez,Madrid,999.9960000000001
38,10495,2022-11-16,Burgers,12.99,508.08,In-store , Credit Card,Pablo Perez,Madrid,6599.9592
39,10496,2022-11-16,Chicken Sandwiches,9.95,201.01,In-store , Credit Card,Pablo Perez,Madrid,2000.0494999999999
40,10497,2022-11-16,Fries,3.49,573.07,In-store , Credit Card,Pablo Perez,Madrid,2000.0143000000003
41,10498,2022-11-16,Beverages,2.95,677.97,Drive-thru , Credit Card,Pablo Perez,Madrid,2000.0115000000003
42,10499,2022-11-16,Sides & Other,4.99,200.4,Drive-thru , Credit Card,Pablo Perez,Madrid,999.9960000000001
43,10500,2022-11-17,Burgers,12.99,523.48,Drive-thru , Credit Card,Pablo Perez,Madrid,6800.0052000000005
44,10501,2022-11-17,Chicken Sandwiches,9.95,201.01,Drive-thru , Credit Card,Pablo Perez,Madrid,2000.0494999999999
45,10502,2022-11-17,Fries,3.49,630.37,Drive-thru , Credit Card,Pablo Perez,Madrid,2199.9913
46,10503,2022-11-17,Beverages,2.95,677.97,Drive-thru , Credit Card,Pablo Perez,Madrid,2000.0115000000003
47,10504,2022-11-17,Sides & Other,4.99,200.4,Drive-thru , Credit Card,Pablo Perez,Madrid,999.9960000000001
48,10505,2022-11-18,Burgers,12.99,538.88,Drive-thru , Credit Card,Pablo Perez,Madrid,7000.0512
49,10506,2022-11-18,Chicken Sandwiches,9.95,201.01,Drive-thru , Credit Card,Pablo Perez,Madrid,2000.0494999999999
50,10507,2022-11-18,Fries,3.49,687.68,Drive-thru , Credit Card,Pablo Perez,Madrid,2400.0032
51,10508,2022-11-18,Beverages,2.95,677.97,Drive-thru , Credit Card,Pablo Perez,Madrid,2000.0115000000003
52,10509,2022-11-18,Sides & Other,4.99,200.4,Drive-thru , Credit Card,Pablo Perez,Madrid,999.9960000000001
53,10510,2022-11-19,Burgers,12.99,508.08,Drive-thru , Credit Card,Pablo Perez,Madrid,6599.9592
54,10511,2022-11-19,Chicken Sandwiches,9.95,201.01,Drive-thru , Credit Card,Joao Silva,Lisbon,2000.0494999999999
55,10512,2022-11-19,Fries,3.49,687.68,Drive-thru , Credit Card,Joao Silva,Lisbon,2400.0032
56,10513,2022-11-19,Beverages,2.95,677.97,Drive-thru , Cash,Joao Silva,Lisbon,2000.0115000000003
57,10514,2022-11-19,Sides & Other,4.99,200.4,Drive-thru , Cash,Joao Silva,Lisbon,999.9960000000001
58,10515,2022-11-20,Burgers,12.99,477.29,Drive-thru , Cash,Joao Silva,Lisbon,6199.9971000000005
59,10516,2022-11-20,Chicken Sandwiches,9.95,201.01,Drive-thru , Cash,Joao Silva,Lisbon,2000.0494999999999
60,10483,2022-11-13,Beverages,2.95,677.97,In-store , Credit Card,Joao Silva,Lisbon,2000.0115000000003
61,10484,2022-11-13,Sides & Other,4.99,200.4,In-store , Credit Card,Joao Silva,Lisbon,999.9960000000001
62,10485,2022-11-14,Burgers,12.99,523.48,In-store , Credit Card,Joao Silva,Lisbon,6800.0052000000005
63,10520,2022-11-21,Burgers,12.99,492.69,Drive-thru , Cash,Remy Monet,Paris,6400.0431
64,10521,2022-11-21,Chicken Sandwiches,9.95,201.01,Drive-thru , Cash,Remy Monet,Paris,2000.0494999999999
65,10522,2022-11-21,Fries,3.49,687.68,Drive-thru , Cash,Remy Monet,Paris,2400.0032
66,10523,2022-11-21,Beverages,2.95,745.76,Drive-thru , Cash,Remy Monet,Paris,2199.992
67,10524,2022-11-21,Sides & Other,4.99,200.4,Drive-thru , Cash,Remy Monet,Paris,999.9960000000001
68,10525,2022-11-22,Burgers,12.99,461.89,Drive-thru , Cash,Remy Monet,Paris,5999.9511
69,10526,2022-11-22,Chicken Sandwiches,9.95,201.01,Drive-thru , Cash,Remy Monet,Paris,2000.0494999999999
70,10527,2022-11-22,Fries,3.49,687.68,Drive-thru , Cash,Remy Monet,Paris,2400.0032
71,10528,2022-11-22,Beverages,2.95,745.76,Drive-thru , Cash,Remy Monet,Paris,2199.992
72,10529,2022-11-22,Sides & Other,4.99,200.4,Drive-thru , Cash,Remy Monet,Paris,999.9960000000001
73,10530,2022-11-23,Burgers,12.99,477.29,Drive-thru , Cash,Remy Monet,Paris,6199.9971000000005
74,10531,2022-11-23,Chicken Sandwiches,9.95,201.01,Drive-thru , Cash,Remy Monet,Paris,2000.0494999999999
75,10532,2022-11-23,Fries,3.49,687.68,Drive-thru , Cash,Joao Silva,Lisbon,2400.0032
76,10533,2022-11-23,Beverages,2.95,745.76,Drive-thru , Cash,Joao Silva,Lisbon,2199.992
77,10534,2022-11-23,Sides & Other,4.99,200.4,Drive-thru , Cash,Pablo Perez,Madrid,999.9960000000001
78,10535,2022-11-24,Burgers,12.99,477.29,Drive-thru , Credit Card,Pablo Perez,Madrid,6199.9971000000005
79,10536,2022-11-24,Chicken Sandwiches,9.95,201.01,Drive-thru , Credit Card,Pablo Perez,Madrid,2000.0494999999999
80,10540,2022-11-25,Burgers,12.99,461.89,Drive-thru , Credit Card,Pablo Perez,Madrid,5999.9511
81,10541,2022-11-25,Chicken Sandwiches,9.95,201.01,Drive-thru , Credit Card,Tom Jackson,London,2000.0494999999999
82,10542,2022-11-25,Fries,3.49,630.37,Drive-thru , Credit Card,Tom Jackson,London,2199.9913
83,10543,2022-11-25,Beverages,2.95,745.76,Drive-thru , Credit Card,Tom Jackson,London,2199.992
84,10544,2022-11-25,Sides & Other,4.99,200.4,Drive-thru , Credit Card,Tom Jackson,London,999.9960000000001
85,10545,2022-11-26,Burgers,12.99,446.5,Drive-thru , Credit Card,Tom Jackson,London,5800.035
86,10546,2022-11-26,Chicken Sandwiches,9.95,201.01,Drive-thru , Credit Card,Tom Jackson,London,2000.0494999999999
87,10547,2022-11-26,Fries,3.49,630.37,Drive-thru , Credit Card,Tom Jackson,London,2199.9913
88,10548,2022-11-26,Beverages,2.95,745.76,Drive-thru , Credit Card,Tom Jackson,London,2199.992
89,10549,2022-11-26,Sides & Other,4.99,200.4,Drive-thru , Credit Card,Tom Jackson,London,999.9960000000001
90,10550,2022-11-27,Burgers,12.99,461.89,Drive-thru , Credit Card,Tom Jackson,London,5999.9511
91,10551,2022-11-27,Chicken Sandwiches,9.95,201.01,Drive-thru , Credit Card,Tom Jackson,London,2000.0494999999999
92,10552,2022-11-27,Fries,3.49,630.37,Online , Credit Card,Tom Jackson,London,2199.9913
93,10553,2022-11-27,Beverages,2.95,745.76,Online , Credit Card,Tom Jackson,London,2199.992
94,10554,2022-11-27,Sides & Other,4.99,200.4,Online , Credit Card,Tom Jackson,London,999.9960000000001
95,10555,2022-11-28,Burgers,12.99,477.29,Online , Credit Card,Tom Jackson,London,6199.9971000000005
96,10556,2022-11-28,Chicken Sandwiches,9.95,201.01,Online , Credit Card,Tom Jackson,London,2000.0494999999999
97,10557,2022-11-28,Fries,3.49,630.37,Online , Credit Card,Tom Jackson,London,2199.9913
98,10558,2022-11-28,Beverages,2.95,677.97,Online , Credit Card,Tom Jackson,London,2000.0115000000003
99,10559,2022-11-28,Sides & Other,4.99,200.4,Online , Credit Card,Tom Jackson,London,999.9960000000001
100,10560,2022-11-29,Burgers,12.99,477.29,Online , Credit Card,Tom Jackson,London,6199.9971000000005
101,10561,2022-11-29,Chicken Sandwiches,9.95,201.01,Online , Credit Card,Tom Jackson,London,2000.0494999999999
102,10562,2022-11-29,Fries,3.49,630.37,Online , Credit Card,Tom Jackson,London,2199.9913
103,10563,2022-11-29,Beverages,2.95,677.97,Online , Credit Card,Tom Jackson,London,2000.0115000000003
104,10564,2022-11-29,Sides & Other,4.99,200.4,Online , Credit Card,Tom Jackson,London,999.9960000000001
105,10565,2022-11-30,Burgers,12.99,492.69,Online , Credit Card,Tom Jackson,London,6400.0431
106,10566,2022-11-30,Chicken Sandwiches,9.95,201.01,Online , Credit Card,Tom Jackson,London,2000.0494999999999
107,10567,2022-11-30,Fries,3.49,630.37,Online , Credit Card,Tom Jackson,London,2199.9913
108,10568,2022-11-30,Beverages,2.95,677.97,Online , Credit Card,Tom Jackson,London,2000.0115000000003
109,10569,2022-11-30,Sides & Other,4.99,200.4,Online , Credit Card,Tom Jackson,London,999.9960000000001
110,10570,2022-12-01,Burgers,12.99,492.69,Online , Credit Card,Tom Jackson,London,6400.0431
111,10571,2022-12-01,Chicken Sandwiches,9.95,201.01,Online , Credit Card,Tom Jackson,London,2000.0494999999999
112,10572,2022-12-01,Fries,3.49,573.07,Online , Credit Card,Remy Monet,Paris,2000.0143000000003
113,10573,2022-12-01,Beverages,2.95,677.97,Online , Credit Card,Remy Monet,Paris,2000.0115000000003
114,10574,2022-12-01,Sides & Other,4.99,200.4,Online , Credit Card,Remy Monet,Paris,999.9960000000001
115,10575,2022-12-02,Burgers,12.99,523.48,Online , Credit Card,Remy Monet,Paris,6800.0052000000005
116,10576,2022-12-02,Chicken Sandwiches,9.95,201.01,Online , Credit Card,Remy Monet,Paris,2000.0494999999999
117,10577,2022-12-02,Fries,3.49,630.37,Online , Credit Card,Remy Monet,Paris,2199.9913
118,10578,2022-12-02,Beverages,2.95,677.97,Online , Credit Card,Remy Monet,Paris,2000.0115000000003
119,10579,2022-12-02,Sides & Other,4.99,200.4,Online , Credit Card,Remy Monet,Paris,999.9960000000001
120,10580,2022-12-03,Burgers,12.99,523.48,Online , Credit Card,Remy Monet,Paris,6800.0052000000005
121,10581,2022-12-03,Chicken Sandwiches,9.95,201.01,Online , Credit Card,Remy Monet,Paris,2000.0494999999999
122,10582,2022-12-03,Fries,3.49,630.37,Online , Credit Card,Tom Jackson,London,2199.9913
123,10583,2022-12-03,Beverages,2.95,677.97,Online , Credit Card,Tom Jackson,London,2000.0115000000003
124,10584,2022-12-03,Sides & Other,4.99,200.4,Online , Credit Card,Tom Jackson,London,999.9960000000001
125,10585,2022-12-04,Burgers,12.99,538.88,Online , Credit Card,Tom Jackson,London,7000.0512
126,10586,2022-12-04,Chicken Sandwiches,9.95,201.01,Online , Credit Card,Tom Jackson,London,2000.0494999999999
127,10537,2022-11-24,Fries,3.49,630.37,Drive-thru , Credit Card,Pablo Perez,Madrid,2199.9913
128,10538,2022-11-24,Beverages,2.95,745.76,Drive-thru , Credit Card,Pablo Perez,Madrid,2199.992
129,10539,2022-11-24,Sides & Other,4.99,200.4,Drive-thru , Credit Card,Pablo Perez,Madrid,999.9960000000001
130,10590,2022-12-05,Burgers,12.99,554.27,Online , Credit Card,Tom Jackson,London,7199.9673
131,10591,2022-12-05,Chicken Sandwiches,9.95,201.01,Online , Credit Card,Tom Jackson,London,2000.0494999999999
132,10592,2022-12-05,Fries,3.49,573.07,Online , Credit Card,Tom Jackson,London,2000.0143000000003
133,10593,2022-12-05,Beverages,2.95,677.97,Online , Credit Card,Tom Jackson,London,2000.0115000000003
134,10594,2022-12-05,Sides & Other,4.99,200.4,Online , Credit Card,Tom Jackson,London,999.9960000000001
135,10595,2022-12-06,Burgers,12.99,538.88,Online , Credit Card,Tom Jackson,London,7000.0512
136,10596,2022-12-06,Chicken Sandwiches,9.95,201.01,Online , Credit Card,Tom Jackson,London,2000.0494999999999
137,10597,2022-12-06,Fries,3.49,573.07,Online , Credit Card,Tom Jackson,London,2000.0143000000003
138,10598,2022-12-06,Beverages,2.95,677.97,Online , Credit Card,Tom Jackson,London,2000.0115000000003
139,10599,2022-12-06,Sides & Other,4.99,200.4,Online , Credit Card,Tom Jackson,London,999.9960000000001
140,10600,2022-12-07,Burgers,12.99,523.48,Online , Credit Card,Tom Jackson,London,6800.0052000000005
141,10601,2022-12-07,Chicken Sandwiches,9.95,201.01,Online , Credit Card,Tom Jackson,London,2000.0494999999999
142,10602,2022-12-07,Fries,3.49,630.37,Online , Cash,Tom Jackson,London,2199.9913
143,10603,2022-12-07,Beverages,2.95,677.97,Online , Cash,Tom Jackson,London,2000.0115000000003
144,10604,2022-12-07,Sides & Other,4.99,200.4,Online , Cash,Tom Jackson,London,999.9960000000001
145,10605,2022-12-08,Burgers,12.99,538.88,Online , Cash,Tom Jackson,London,7000.0512
146,10606,2022-12-08,Chicken Sandwiches,9.95,201.01,Online , Cash,Tom Jackson,London,2000.0494999999999
147,10607,2022-12-08,Fries,3.49,630.37,Online , Cash,Tom Jackson,London,2199.9913
148,10608,2022-12-08,Beverages,2.95,677.97,Online , Gift Card,Tom Jackson,London,2000.0115000000003
149,10609,2022-12-08,Sides & Other,4.99,200.4,Online , Gift Card,Tom Jackson,London,999.9960000000001
150,10610,2022-12-09,Burgers,12.99,569.67,Online , Gift Card,Tom Jackson,London,7400.0133
151,10611,2022-12-09,Chicken Sandwiches,9.95,201.01,Online , Gift Card,Tom Jackson,London,2000.0494999999999
152,10612,2022-12-09,Fries,3.49,630.37,Online , Gift Card,Tom Jackson,London,2199.9913
153,10613,2022-12-09,Beverages,2.95,677.97,Online , Gift Card,Tom Jackson,London,2000.0115000000003
154,10614,2022-12-09,Sides & Other,4.99,200.4,Online , Gift Card,Tom Jackson,London,999.9960000000001
155,10615,2022-12-10,Burgers,12.99,569.67,Online , Gift Card,Tom Jackson,London,7400.0133
156,10616,2022-12-10,Chicken Sandwiches,9.95,201.01,Online , Gift Card,Tom Jackson,London,2000.0494999999999
157,10617,2022-12-10,Fries,3.49,630.37,Online , Gift Card,Tom Jackson,London,2199.9913
158,10618,2022-12-10,Beverages,2.95,677.97,Online , Gift Card,Tom Jackson,London,2000.0115000000003
159,10619,2022-12-10,Sides & Other,4.99,200.4,Online , Gift Card,Tom Jackson,London,999.9960000000001
160,10620,2022-12-11,Burgers,12.99,585.07,Online , Gift Card,Tom Jackson,London,7600.059300000001
161,10621,2022-12-11,Chicken Sandwiches,9.95,201.01,Online , Gift Card,Tom Jackson,London,2000.0494999999999
162,10622,2022-12-11,Fries,3.49,630.37,Online , Gift Card,Tom Jackson,London,2199.9913
163,10623,2022-12-11,Beverages,2.95,745.76,Online , Gift Card,Tom Jackson,London,2199.992
164,10624,2022-12-11,Sides & Other,4.99,200.4,Online , Gift Card,Tom Jackson,London,999.9960000000001
165,10625,2022-12-12,Burgers,12.99,569.67,Online , Gift Card,Tom Jackson,London,7400.0133
166,10626,2022-12-12,Chicken Sandwiches,9.95,201.01,Online , Gift Card,Tom Jackson,London,2000.0494999999999
167,10627,2022-12-12,Fries,3.49,630.37,Online , Gift Card,Tom Jackson,London,2199.9913
168,10628,2022-12-12,Beverages,2.95,677.97,Online , Gift Card,Joao Silva,Lisbon,2000.0115000000003
169,10629,2022-12-12,Sides & Other,4.99,200.4,Online , Gift Card,Joao Silva,Lisbon,999.9960000000001
170,10630,2022-12-13,Burgers,12.99,569.67,Online , Cash,Joao Silva,Lisbon,7400.0133
171,10631,2022-12-13,Chicken Sandwiches,9.95,201.01,Online , Gift Card,Joao Silva,Lisbon,2000.0494999999999
172,10632,2022-12-13,Fries,3.49,630.37,Online , Gift Card,Joao Silva,Lisbon,2199.9913
173,10633,2022-12-13,Beverages,2.95,677.97,Online , Gift Card,Joao Silva,Lisbon,2000.0115000000003
174,10634,2022-12-13,Sides & Other,4.99,200.4,Online , Gift Card,Joao Silva,Lisbon,999.9960000000001
175,10635,2022-12-14,Burgers,12.99,554.27,Online , Gift Card,Joao Silva,Lisbon,7199.9673
176,10636,2022-12-14,Chicken Sandwiches,9.95,221.11,Online , Gift Card,Joao Silva,Lisbon,2200.0445
177,10637,2022-12-14,Fries,3.49,630.37,Online , Gift Card,Joao Silva,Lisbon,2199.9913
178,10638,2022-12-14,Beverages,2.95,677.97,Online , Gift Card,Joao Silva,Lisbon,2000.0115000000003
179,10639,2022-12-14,Sides & Other,4.99,200.4,Online , Gift Card,Joao Silva,Lisbon,999.9960000000001
180,10640,2022-12-15,Burgers,12.99,538.88,Online , Gift Card,Joao Silva,Lisbon,7000.0512
181,10641,2022-12-15,Chicken Sandwiches,9.95,221.11,Online , Gift Card,Joao Silva,Lisbon,2200.0445
182,10642,2022-12-15,Fries,3.49,630.37,Online , Cash,Joao Silva,Lisbon,2199.9913
183,10643,2022-12-15,Beverages,2.95,677.97,Online , Cash,Joao Silva,Lisbon,2000.0115000000003
184,10644,2022-12-15,Sides & Other,4.99,200.4,Online , Cash,Joao Silva,Lisbon,999.9960000000001
185,10645,2022-12-16,Burgers,12.99,569.67,Online , Cash,Joao Silva,Lisbon,7400.0133
186,10646,2022-12-16,Chicken Sandwiches,9.95,221.11,Online , Cash,Joao Silva,Lisbon,2200.0445
187,10647,2022-12-16,Fries,3.49,630.37,Online , Gift Card,Joao Silva,Lisbon,2199.9913
188,10648,2022-12-16,Beverages,2.95,745.76,Online , Gift Card,Joao Silva,Lisbon,2199.992
189,10649,2022-12-16,Sides & Other,4.99,200.4,Online , Gift Card,Joao Silva,Lisbon,999.9960000000001
190,10650,2022-12-17,Burgers,12.99,585.07,Online , Gift Card,Joao Silva,Lisbon,7600.059300000001
191,10651,2022-12-17,Chicken Sandwiches,9.95,221.11,Online , Gift Card,Joao Silva,Lisbon,2200.0445
192,10652,2022-12-17,Fries,3.49,687.68,Online , Gift Card,Joao Silva,Lisbon,2400.0032
193,10653,2022-12-17,Beverages,2.95,745.76,Online , Gift Card,Joao Silva,Lisbon,2199.992
194,10654,2022-12-17,Sides & Other,4.99,200.4,Online , Gift Card,Joao Silva,Lisbon,999.9960000000001
195,10655,2022-12-18,Burgers,12.99,600.46,Online , Gift Card,Joao Silva,Lisbon,7799.9754
196,10656,2022-12-18,Chicken Sandwiches,9.95,221.11,Online , Gift Card,Joao Silva,Lisbon,2200.0445
197,10657,2022-12-18,Fries,3.49,687.68,Online , Gift Card,Joao Silva,Lisbon,2400.0032
198,10658,2022-12-18,Beverages,2.95,745.76,Online , Cash,Joao Silva,Lisbon,2199.992
199,10659,2022-12-18,Sides & Other,4.99,200.4,Online , Cash,Joao Silva,Lisbon,999.9960000000001
200,10660,2022-12-19,Burgers,12.99,631.25,In-store , Cash,Joao Silva,Lisbon,8199.9375
201,10661,2022-12-19,Chicken Sandwiches,9.95,221.11,In-store , Cash,Joao Silva,Lisbon,2200.0445
202,10662,2022-12-19,Fries,3.49,630.37,In-store , Cash,Joao Silva,Lisbon,2199.9913
203,10663,2022-12-19,Beverages,2.95,745.76,In-store , Cash,Joao Silva,Lisbon,2199.992
204,10664,2022-12-19,Sides & Other,4.99,200.4,In-store , Cash,Joao Silva,Lisbon,999.9960000000001
205,10665,2022-12-20,Burgers,12.99,646.65,In-store , Cash,Joao Silva,Lisbon,8399.9835
206,10666,2022-12-20,Chicken Sandwiches,9.95,221.11,In-store , Cash,Joao Silva,Lisbon,2200.0445
207,10667,2022-12-20,Fries,3.49,630.37,In-store , Cash,Joao Silva,Lisbon,2199.9913
208,10668,2022-12-20,Beverages,2.95,745.76,In-store , Cash,Joao Silva,Lisbon,2199.992
209,10669,2022-12-20,Sides & Other,4.99,200.4,In-store , Cash,Joao Silva,Lisbon,999.9960000000001
210,10670,2022-12-21,Burgers,12.99,677.44,In-store , Cash,Joao Silva,Lisbon,8799.945600000001
211,10671,2022-12-21,Chicken Sandwiches,9.95,221.11,In-store , Cash,Joao Silva,Lisbon,2200.0445
212,10672,2022-12-21,Fries,3.49,630.37,In-store , Cash,Joao Silva,Lisbon,2199.9913
213,10673,2022-12-21,Beverages,2.95,745.76,In-store , Cash,Joao Silva,Lisbon,2199.992
214,10674,2022-12-21,Sides & Other,4.99,200.4,In-store , Cash,Joao Silva,Lisbon,999.9960000000001
215,10675,2022-12-22,Burgers,12.99,677.44,In-store , Cash,Joao Silva,Lisbon,8799.945600000001
216,10676,2022-12-22,Chicken Sandwiches,9.95,241.21,In-store , Cash,Joao Silva,Lisbon,2400.0395
217,10677,2022-12-22,Fries,3.49,630.37,In-store , Cash,Joao Silva,Lisbon,2199.9913
218,10678,2022-12-22,Beverages,2.95,745.76,In-store , Cash,Joao Silva,Lisbon,2199.992
219,10679,2022-12-22,Sides & Other,4.99,200.4,In-store , Cash,Joao Silva,Lisbon,999.9960000000001
220,10680,2022-12-23,Burgers,12.99,646.65,In-store , Cash,Joao Silva,Lisbon,8399.9835
221,10681,2022-12-23,Chicken Sandwiches,9.95,241.21,In-store , Cash,Joao Silva,Lisbon,2400.0395
222,10682,2022-12-23,Fries,3.49,630.37,In-store , Cash,Joao Silva,Lisbon,2199.9913
223,10683,2022-12-23,Beverages,2.95,677.97,In-store , Cash,Joao Silva,Lisbon,2000.0115000000003
224,10684,2022-12-23,Sides & Other,4.99,200.4,In-store , Cash,Joao Silva,Lisbon,999.9960000000001
225,10685,2022-12-24,Burgers,12.99,677.44,In-store , Cash,Joao Silva,Lisbon,8799.945600000001
226,10686,2022-12-24,Chicken Sandwiches,9.95,241.21,In-store , Cash,Joao Silva,Lisbon,2400.0395
227,10687,2022-12-24,Fries,3.49,630.37,In-store , Cash,Walter Muller,Berlin,2199.9913
228,10688,2022-12-24,Beverages,2.95,677.97,In-store , Cash,Walter Muller,Berlin,2000.0115000000003
229,10689,2022-12-24,Sides & Other,4.99,200.4,In-store , Cash,Walter Muller,Berlin,999.9960000000001
230,10690,2022-12-25,Burgers,12.99,677.44,In-store , Cash,Walter Muller,Berlin,8799.945600000001
231,10691,2022-12-25,Chicken Sandwiches,9.95,261.31,In-store , Cash,Walter Muller,Berlin,2600.0344999999998
232,10692,2022-12-25,Fries,3.49,630.37,In-store , Cash,Walter Muller,Berlin,2199.9913
233,10693,2022-12-25,Beverages,2.95,677.97,In-store , Cash,Walter Muller,Berlin,2000.0115000000003
234,10694,2022-12-25,Sides & Other,4.99,200.4,In-store , Cash,Walter Muller,Berlin,999.9960000000001
235,10695,2022-12-26,Burgers,12.99,692.84,In-store , Cash,Walter Muller,Berlin,8999.991600000001
236,10696,2022-12-26,Chicken Sandwiches,9.95,281.41,In-store , Cash,Walter Muller,Berlin,2800.0295
237,10697,2022-12-26,Fries,3.49,630.37,In-store , Cash,Walter Muller,Berlin,2199.9913
238,10698,2022-12-26,Beverages,2.95,677.97,In-store , Cash,Walter Muller,Berlin,2000.0115000000003
239,10699,2022-12-26,Sides & Other,4.99,200.4,In-store , Cash,Walter Muller,Berlin,999.9960000000001
240,10700,2022-12-27,Burgers,12.99,692.84,In-store , Cash,Walter Muller,Berlin,8999.991600000001
241,10701,2022-12-27,Chicken Sandwiches,9.95,281.41,In-store , Cash,Walter Muller,Berlin,2800.0295
242,10702,2022-12-27,Fries,3.49,630.37,In-store , Cash,Walter Muller,Berlin,2199.9913
243,10703,2022-12-27,Beverages,2.95,677.97,In-store , Gift Card,Walter Muller,Berlin,2000.0115000000003
244,10704,2022-12-27,Sides & Other,4.99,200.4,Drive-thru , Gift Card,Walter Muller,Berlin,999.9960000000001
245,10705,2022-12-28,Burgers,12.99,723.63,Drive-thru , Gift Card,Walter Muller,Berlin,9399.9537
246,10706,2022-12-28,Chicken Sandwiches,9.95,301.51,Drive-thru , Gift Card,Walter Muller,Berlin,3000.0244999999995
247,10707,2022-12-28,Fries,3.49,630.37,Drive-thru , Gift Card,Walter Muller,Berlin,2199.9913
248,10708,2022-12-28,Beverages,2.95,677.97,Drive-thru , Gift Card,Walter Muller,Berlin,2000.0115000000003
249,10709,2022-12-28,Sides & Other,4.99,200.4,Drive-thru , Gift Card,Walter Muller,Berlin,999.9960000000001
250,10710,2022-12-29,Burgers,12.99,754.43,Drive-thru , Gift Card,Walter Muller,Berlin,9800.045699999999
251,10711,2022-12-29,Chicken Sandwiches,9.95,281.41,Drive-thru , Gift Card,Walter Muller,Berlin,2800.0295
252,10712,2022-12-29,Fries,3.49,630.37,Drive-thru , Gift Card,Walter Muller,Berlin,2199.9913
253,10713,2022-12-29,Beverages,2.95,677.97,Drive-thru , Gift Card,Walter Muller,Berlin,2000.0115000000003
